{
    "foreground_intensity_properties_per_channel": {
        "0": {
            "max": 385.0,
            "mean": -990.8906860351562,
            "median": -1015.0,
            "min": -1477.0,
            "percentile_00_5": -1166.0,
            "percentile_99_5": -617.0,
            "std": 94.25823974609375
        }
    },
    "median_relative_size_after_cropping": 1.0,
    "shapes_after_crop": [
        [
            587,
            512,
            512
        ],
        [
            561,
            512,
            512
        ],
        [
            501,
            512,
            512
        ],
        [
            366,
            512,
            512
        ],
        [
            501,
            512,
            512
        ],
        [
            416,
            512,
            512
        ]
    ],
    "spacings": [
        [
            0.6000000238418579,
            0.5859375,
            0.5859375
        ],
        [
            0.5,
            0.578125,
            0.578125
        ],
        [
            0.800000011920929,
            0.6669999957084656,
            0.6669999957084656
        ],
        [
            0.800000011920929,
            0.6669999957084656,
            0.6669999957084656
        ],
        [
            0.800000011920929,
            0.7049999833106995,
            0.7049999833106995
        ],
        [
            0.800000011920929,
            0.7049999833106995,
            0.7049999833106995
        ]
    ]
}